{"loss": [0.9853214621543884, 0.9778882265090942, 0.9728411436080933, 0.9657908082008362, 0.9602329134941101, 0.9537369608879089, 0.9464241862297058, 0.9394257068634033, 0.9328662753105164, 0.9246388077735901, 0.9164982438087463, 0.910963237285614, 0.9031559824943542, 0.893838107585907, 0.8863472938537598, 0.8784816265106201, 0.8703954219818115, 0.863195538520813, 0.8534616827964783, 0.8479376435279846, 0.8400286436080933, 0.8310424089431763, 0.8263338804244995, 0.8178074359893799, 0.8077728748321533, 0.801962673664093, 0.7950442433357239, 0.7879611849784851, 0.7795047760009766, 0.7731468677520752, 0.7663410305976868, 0.7588891386985779, 0.7507670521736145, 0.7465739846229553, 0.7363748550415039, 0.7309008836746216, 0.7250762581825256, 0.7170610427856445, 0.7112047076225281, 0.7075490951538086, 0.6982170939445496, 0.692367672920227, 0.6861864924430847, 0.6809924244880676, 0.6739163398742676, 0.6672846674919128, 0.6623721122741699, 0.6593148112297058, 0.6526200175285339, 0.647161602973938], "acc": [0.27104875445365906, 0.2932053208351135, 0.3035450577735901, 0.30723780393600464, 0.31831610202789307, 0.32865583896636963, 0.3382570147514343, 0.33308714628219604, 0.32348597049713135, 0.32865583896636963, 0.33308714628219604, 0.3338257074356079, 0.33013293147087097, 0.33308714628219604, 0.3456425368785858, 0.3389955759048462, 0.33530279994010925, 0.34268832206726074, 0.3485967516899109, 0.35376662015914917, 0.3618907034397125, 0.37296897172927856, 0.3833087086677551, 0.38700148463249207, 0.4032496213912964, 0.4002954065799713, 0.4342688322067261, 0.4483013153076172, 0.47267356514930725, 0.4903988242149353, 0.4926144778728485, 0.5236336588859558, 0.5553914308547974, 0.5672082901000977, 0.5856720805168152, 0.5997045636177063, 0.6122599840164185, 0.6181684136390686, 0.6447562575340271, 0.6469719409942627, 0.6646971702575684, 0.6779911518096924, 0.6809453368186951, 0.688330888748169, 0.6986706256866455, 0.6935007572174072, 0.710487425327301, 0.7163958549499512, 0.725258469581604, 0.7304283380508423], "val_loss": [0.9778558611869812, 0.9720923900604248, 0.966148316860199, 0.9599857926368713, 0.9535950422286987, 0.9469960331916809, 0.9401798844337463, 0.9331617951393127, 0.9259853363037109, 0.9186881184577942, 0.9113160967826843, 0.903890073299408, 0.8964513540267944, 0.8890219330787659, 0.8816307187080383, 0.8742702007293701, 0.8669512867927551, 0.859673798084259, 0.8523993492126465, 0.8451520204544067, 0.8379554748535156, 0.8308236002922058, 0.8237541913986206, 0.8167640566825867, 0.8098664879798889, 0.8030453324317932, 0.7962964773178101, 0.7896189093589783, 0.7830071449279785, 0.7764671444892883, 0.7699881792068481, 0.7635722756385803, 0.7572088837623596, 0.7508999109268188, 0.7446593046188354, 0.7384800314903259, 0.7323779463768005, 0.7263532876968384, 0.7204054594039917, 0.7145484685897827, 0.7087728977203369, 0.703074038028717, 0.6974552869796753, 0.6919236183166504, 0.6864750385284424, 0.6811063289642334, 0.6758177876472473, 0.6706067323684692, 0.6654704809188843, 0.6604177355766296], "val_acc": [0.27326440811157227, 0.29542097449302673, 0.315361887216568, 0.32348597049713135, 0.3271787166595459, 0.3316100537776947, 0.33751845359802246, 0.3382570147514343, 0.34268832206726074, 0.34047266840934753, 0.3441654443740845, 0.34194979071617126, 0.34047266840934753, 0.34047266840934753, 0.34268832206726074, 0.3434268832206726, 0.3441654443740845, 0.3463810980319977, 0.35007384419441223, 0.35376662015914917, 0.3604135811328888, 0.3677991032600403, 0.3796159625053406, 0.3929098844528198, 0.4076809585094452, 0.42245200276374817, 0.4401772618293762, 0.4571639597415924, 0.47267356514930725, 0.4830133020877838, 0.5022156834602356, 0.5169867277145386, 0.5288035273551941, 0.5472673773765564, 0.5672082901000977, 0.5812407732009888, 0.6019202470779419, 0.615952730178833, 0.6270310282707214, 0.6358936429023743, 0.6447562575340271, 0.6528803706169128, 0.658788800239563, 0.6698670387268066, 0.6772525906562805, 0.6868537664413452, 0.6875923275947571, 0.6949778199195862, 0.6986706256866455, 0.7038404941558838]}