{"loss": [0.9852754473686218, 0.9781587719917297, 0.9722483158111572, 0.9650605916976929, 0.9594879150390625, 0.9524332284927368, 0.9454463124275208, 0.9391869902610779, 0.9322068691253662, 0.9261817336082458, 0.9189017415046692, 0.91120845079422, 0.9070647954940796, 0.9011186957359314, 0.8913911581039429, 0.8853600025177002, 0.8776353597640991, 0.8709362745285034, 0.8644174933433533, 0.8571023941040039, 0.8501487970352173, 0.8437003493309021, 0.8339041471481323, 0.8294499516487122, 0.8193593621253967, 0.8132578730583191, 0.8069582581520081, 0.7979820370674133, 0.7889650464057922, 0.7823934555053711, 0.775775671005249, 0.7673684358596802, 0.7610624432563782, 0.754315972328186, 0.7453976273536682, 0.73741614818573, 0.7312138080596924, 0.7244340181350708, 0.7171218395233154, 0.709542989730835, 0.7073928117752075, 0.6958568692207336, 0.6880481839179993, 0.6831150054931641, 0.6746528148651123, 0.6715843081474304, 0.6596396565437317, 0.6530740261077881, 0.6457796096801758, 0.6402727365493774], "acc": [0.18389955163002014, 0.24593795835971832, 0.2769571542739868, 0.30206793546676636, 0.32570162415504456, 0.33973410725593567, 0.34268832206726074, 0.3485967516899109, 0.3574593663215637, 0.36410635709762573, 0.3714918792247772, 0.37075331807136536, 0.3618907034397125, 0.3751846253871918, 0.38700148463249207, 0.38478583097457886, 0.3892171382904053, 0.41358935832977295, 0.4098966121673584, 0.43500739336013794, 0.446085661649704, 0.4505169987678528, 0.4689807891845703, 0.4837518334388733, 0.5236336588859558, 0.5332348346710205, 0.5553914308547974, 0.5775480270385742, 0.5960118174552917, 0.6174298524856567, 0.6336780190467834, 0.6506646871566772, 0.6742983460426331, 0.6779911518096924, 0.695716381072998, 0.7193500995635986, 0.7119645476341248, 0.7274741530418396, 0.7392910122871399, 0.7518463730812073, 0.761447548866272, 0.7570162415504456, 0.7688331007957458, 0.7887740135192871, 0.7858197689056396, 0.7902511358261108, 0.7821270227432251, 0.8094534873962402, 0.8101920485496521, 0.8138847947120667], "val_loss": [0.979758083820343, 0.9736254811286926, 0.9675523042678833, 0.9615660905838013, 0.955593466758728, 0.9496203660964966, 0.9436085820198059, 0.9375841021537781, 0.9314910769462585, 0.9253434538841248, 0.9191780090332031, 0.9129700660705566, 0.9067195057868958, 0.900461733341217, 0.8941959738731384, 0.8878774046897888, 0.8814982771873474, 0.8750422596931458, 0.8685033321380615, 0.8618614077568054, 0.8551141023635864, 0.8482868075370789, 0.8413709998130798, 0.8343810439109802, 0.8273303508758545, 0.8201666474342346, 0.8129529356956482, 0.8056992292404175, 0.7984431385993958, 0.7912143468856812, 0.7840281128883362, 0.776906430721283, 0.7698426246643066, 0.7628272175788879, 0.7558466792106628, 0.7488953471183777, 0.7419825196266174, 0.7351131439208984, 0.7282949686050415, 0.7215344309806824, 0.7148359417915344, 0.7081937193870544, 0.7016230225563049, 0.6951251029968262, 0.6886988878250122, 0.6823380589485168, 0.6760455369949341, 0.6698186993598938, 0.6636572480201721, 0.6575656533241272], "val_acc": [0.23190546035766602, 0.2651403248310089, 0.300590842962265, 0.31610044836997986, 0.3271787166595459, 0.33013293147087097, 0.3323485851287842, 0.3323485851287842, 0.3338257074356079, 0.336779922246933, 0.33973410725593567, 0.3434268832206726, 0.35155096650123596, 0.3559822738170624, 0.35893648862838745, 0.36410635709762573, 0.37075331807136536, 0.3810930550098419, 0.38995569944381714, 0.39660266041755676, 0.41285082697868347, 0.42319053411483765, 0.4409157931804657, 0.4667651355266571, 0.48966026306152344, 0.508124053478241, 0.5280649662017822, 0.5598227381706238, 0.5849335193634033, 0.6041358709335327, 0.6248153448104858, 0.6484490633010864, 0.6632201075553894, 0.6750369071960449, 0.6868537664413452, 0.7001476883888245, 0.710487425327301, 0.7267355918884277, 0.731905460357666, 0.7363367676734924, 0.7429837584495544, 0.7511078119277954, 0.753323495388031, 0.7592319250106812, 0.761447548866272, 0.7658788561820984, 0.7717872858047485, 0.7769571542739868, 0.782865583896637, 0.7880354523658752]}